"ptt","year","dep_brgr","dep_UK","dep_euna_sb","fin_sah_sb","arr_wgr_a","arr_wgr_b","dep_wgr_b","dep_wgr_a","dep_wa_a","dep_wa_b","dep_wa","fin_sah_nb","arr_UK","arr_brgr","br_hab","mig_dir","dep_brgr_TS","min_lat_stopover","any_so_s_europe_sbound","lat_last_euro_so_sbound","last_wa_fix_long","last_wa_fix_lat","last_wa_sos_long","last_wa_sos_lat","br_lat","br_long","first_fix_TS","dep_UK_TS","fin_sah_sb_TS","arr_wgr_a_TS","arr_wgr_b_TS","dep_wgr_b_TS","min_lat_stopover_id","dep_wgr_a_TS","dep_wgr_a_TS_ford1plot","dep_wa_TS","arr_UK_TS","arr_brgr_TS","last_fix_TS","region","mig_dir_3cat","outcome","last_milestone_pre_death","died_this_cycle","season_died","died_after_ms2","age_at_ring","known_age","known_age_binary","cycles_since_tagging_4s","cycles_since_tagging"
"50017",2018,162,162,190,193,NA,NA,NA,NA,NA,NA,NA,NA,NA,NA,"Lowland","SW","2018-06-11 08:57:03",NA,FALSE,47.82414,NA,NA,NA,NA,50.8822087453875,-1.66905904059041,"2018-05-22 15:27:08","2018-06-12 08:57:03","2018-07-12 18:52:58",NA,NA,NA,NA,NA,NA,NA,NA,NA,"2018-10-03 20:19:04","New Forest","C","UB","fin_sah_sb",TRUE,"Autumn",FALSE,4,NA,NA,0,0
"50023",2018,160,170,216,220,311,NA,368,NA,NA,NA,NA,NA,NA,NA,"Lowland","SW","2018-06-09 10:51:48",-4.027775,TRUE,31.29259,NA,NA,NA,NA,53.2174547222222,-1.06482,"2018-05-31 20:25:24","2018-06-20 18:41:47","2018-08-08 05:45:13","2018-11-08 07:12:56","2018-12-14 19:44:42","2019-03-03 20:56:59",17,NA,"2019-03-08 05:05:14",NA,NA,NA,"2019-03-08 05:05:14","Sherwood Forest","SW","M","dep_wgr_b",TRUE,"Spring",FALSE,5,1,0,NA,0
"50024",2018,160,160,NA,194,253,307,NA,418,454,NA,464,NA,NA,NA,"Lowland",NA,"2018-06-09 21:50:03",-6.62705,TRUE,46.44176,-2.62054,7.02068,-2.74832,6.5282,50.8850246808511,-1.65483053191489,"2018-05-22 08:15:51","2018-06-10 21:50:03","2018-07-13 17:55:23","2018-09-12 04:04:25","2018-11-03 02:34:08","2018-09-16 16:09:15",28,"2019-02-23 19:24:54","2019-02-19 08:35:42","2019-03-31 09:03:51",NA,NA,"2019-04-11 07:24:00","New Forest","C","M","dep_wa",TRUE,"Spring",FALSE,4,NA,NA,0,0
"50026",2018,182,182,216,220,307,311,398,NA,NA,NA,473,480,486,486,"Lowland","SW","2018-07-01 06:07:13",-0.23968,TRUE,42.016075,-11.87271,11.14205,-9.21624,9.4353,52.515259109462,1.62061698824985,"2018-05-12 06:43:13","2018-07-02 06:07:13","2018-08-08 18:11:19","2018-11-04 20:56:09","2018-11-07 03:18:39","2019-02-04 03:00:01",47,"2019-03-14 21:38:59","2019-03-01 05:43:13","2019-04-18 09:29:36","2019-05-01 21:54:10","2019-05-01 21:54:10","2021-02-26 08:51:51","Norfolk Broads","SW",NA,NA,FALSE,NA,FALSE,4,NA,NA,0,0
"50026",2019,183,183,208,218,308,339,415,NA,469,471,469,NA,476,480,"Lowland","SW","2019-07-02 20:11:49",-0.83841,TRUE,42.00963,-7.73357,8.99199,-7.728225,8.981885,52.515259109462,1.62061698824985,"2018-05-12 06:43:13","2019-07-03 20:11:49","2019-08-06 23:20:09","2019-11-06 08:56:22","2019-12-05 19:52:33","2019-11-08 09:54:13",58,"2020-03-08 04:26:37","2020-02-21 05:16:51","2020-04-11 05:48:33","2020-04-20 17:21:07","2020-04-24 16:33:59","2021-02-26 08:51:51","Norfolk Broads","SW",NA,NA,FALSE,NA,FALSE,4,NA,1,1,1
"50026",2020,184,184,245,250,317,352,366,NA,NA,NA,NA,NA,NA,NA,"Lowland","SW","2020-07-02 10:41:16",-1.50828,TRUE,43.390295,NA,NA,NA,NA,52.515259109462,1.62061698824985,"2018-05-12 06:43:13","2020-07-03 10:41:16","2020-09-06 07:10:22","2020-11-15 21:20:18","2020-12-17 20:01:28","2021-02-21 20:44:01",74,NA,"2021-02-26 08:51:51",NA,NA,NA,"2021-02-26 08:51:51","Norfolk Broads","SW","UB","dep_wgr_b",TRUE,"Spring",FALSE,4,NA,1,2,2
"50031",2018,171,171,211,217,NA,NA,NA,NA,NA,NA,NA,NA,NA,NA,"Lowland","SW","2018-06-20 20:41:45",NA,TRUE,40.55427,NA,NA,NA,NA,52.490040962963,0.491382814814815,"2018-06-03 07:44:24","2018-06-21 20:41:45","2018-08-05 04:40:42",NA,NA,NA,NA,NA,NA,NA,NA,NA,"2018-08-19 18:24:50","Thetford Forest","SW","M","fin_sah_sb",TRUE,"Autumn",FALSE,4,NA,NA,0,0
"50032",2018,164,164,201,207,258,272,362,NA,NA,NA,464,470,487,487,"Lowland","SW","2018-06-13 02:52:15",-2.51977,TRUE,31.50961,-3.84665,7.64645,-3.919565,7.746685,52.5054208557457,0.605940880195599,"2018-06-03 14:49:47","2018-06-14 02:52:15","2018-07-26 17:54:11","2018-09-16 20:16:01","2018-09-29 19:57:54","2018-09-19 02:48:14",91,"2019-01-31 05:50:26","2019-01-22 14:50:21","2019-04-04 21:06:34","2019-05-02 21:36:18","2019-05-02 21:36:18","2019-07-24 19:24:21","Thetford Forest","SW",NA,NA,FALSE,NA,FALSE,4,NA,NA,0,0
"50032",2019,171,173,NA,NA,NA,NA,NA,NA,NA,NA,NA,NA,NA,NA,"Lowland","SW","2019-06-20 19:27:33",NA,TRUE,44.01047,NA,NA,NA,NA,52.5054208557457,0.605940880195599,"2018-06-03 14:49:47","2019-06-23 06:38:55",NA,NA,NA,NA,NA,NA,NA,NA,NA,NA,"2019-07-24 19:24:21","Thetford Forest","SW","UC","dep_UK",TRUE,"Autumn",TRUE,4,NA,1,1,1
"50042",2018,170,170,NA,207,278,280,351,427,461,465,464,469,480,480,"Lowland","SE","2018-06-19 05:07:27",-0.695865,TRUE,45.135995,-5.659,13.127,-4.036345,7.695935,53.2144337010676,-1.08869323843416,"2018-05-15 11:10:07","2018-06-20 05:07:27","2018-07-26 16:48:00","2018-10-07 06:47:50","2018-10-07 06:47:50","2019-02-21 18:59:13",110,"2019-03-04 17:01:03","2019-02-28 21:25:51","2019-04-09 03:52:34","2019-04-25 21:39:12","2019-04-25 21:39:12","2019-06-19 16:33:57","Sherwood Forest","SE","M","arr_brgr",TRUE,"Spring",FALSE,4,NA,NA,0,0
"50046",2018,158,158,208,216,280,333,370,NA,NA,467,465,469,NA,NA,"Lowland","SW","2018-06-07 13:49:33",-7.707125,TRUE,41.75386,-5.608,9.593,-3.611225,7.485015,50.9752454352442,-0.3696091507431,"2018-05-18 07:44:38","2018-06-08 13:49:33","2018-08-04 20:16:10","2018-10-08 21:53:47","2018-11-29 06:29:33","2019-01-30 18:12:01",128,"2019-03-08 22:03:27","2019-02-25 07:28:20","2019-04-10 05:24:27","2019-04-24 06:12:26","2019-04-24 06:12:26","2019-07-12 20:16:09","South Downs","SW",NA,NA,FALSE,NA,FALSE,4,NA,NA,0,0
"50046",2019,164,164,NA,NA,NA,NA,NA,NA,NA,NA,NA,NA,NA,NA,"Lowland","SW","2019-06-13 21:04:19",NA,FALSE,48.384155,NA,NA,NA,NA,50.9752454352442,-0.3696091507431,"2018-05-18 07:44:38","2019-06-14 21:04:19",NA,NA,NA,NA,NA,NA,NA,NA,NA,NA,"2019-07-12 20:16:09","South Downs","SW","UA","dep_UK",TRUE,"Autumn",TRUE,4,NA,1,1,1
"50051",2018,170,170,216,220,326,338,410,418,479,NA,484,489,506,506,"Lowland","SW","2018-06-19 06:24:55",-1.073955,TRUE,41.06376,-7.27467,7.88563,-4.088625,7.990565,50.9302781846154,-0.328881415384615,"2018-05-18 17:22:07","2018-06-20 06:24:55","2018-08-08 05:47:33","2018-11-23 14:47:42","2018-12-04 07:55:55","2018-11-25 16:40:52",143,"2019-02-23 08:09:43","2019-02-21 04:44:53","2019-04-29 19:16:30","2019-05-21 20:37:11","2019-05-21 20:37:11","2019-08-03 17:47:32","South Downs","SW",NA,NA,FALSE,NA,FALSE,4,NA,NA,0,0
"50051",2019,170,170,NA,NA,NA,NA,NA,NA,NA,NA,NA,NA,NA,NA,"Lowland","SW","2019-06-19 20:22:16",NA,TRUE,41.06631,NA,NA,NA,NA,50.9302781846154,-0.328881415384615,"2018-05-18 17:22:07","2019-06-20 20:22:16",NA,NA,NA,NA,NA,NA,NA,NA,NA,NA,"2019-08-03 17:47:32","South Downs","SW","M","dep_UK",TRUE,"Autumn",TRUE,4,NA,1,1,1
"50053",2018,158,158,NA,214,279,324,397,453,472,475,474,476,493,493,"Lowland","SW","2018-06-07 19:47:30",-7.03313,TRUE,44.06368,-7.41312,13.73104,-4.033445,7.97692,50.9732380538922,-0.368519101796407,"2018-05-18 19:08:34","2018-06-08 19:47:30","2018-08-02 16:29:08","2018-10-10 04:36:46","2018-11-20 08:50:13","2018-10-16 15:18:15",163,"2019-03-30 21:10:20","2019-03-28 17:44:48","2019-04-19 09:06:06","2019-05-08 06:28:40","2019-05-08 06:28:40","2019-08-14 21:13:43","South Downs","SW",NA,NA,FALSE,NA,FALSE,4,NA,NA,0,0
"50053",2019,170,170,NA,NA,NA,NA,NA,NA,NA,NA,NA,NA,NA,NA,"Lowland","SW","2019-06-19 04:51:48",NA,TRUE,44.015955,NA,NA,NA,NA,50.9732380538922,-0.368519101796407,"2018-05-18 19:08:34","2019-06-20 04:51:48",NA,NA,NA,NA,NA,NA,NA,NA,NA,NA,"2019-08-14 21:13:43","South Downs","SW","M","dep_UK",TRUE,"Autumn",TRUE,4,NA,1,1,1
"62518",2011,163,163,192,198,287,293,NA,404,NA,NA,461,NA,NA,NA,"Lowland","SE","2011-06-12 09:46:00",-3.813,TRUE,44.429,-4.865,7.317,-4.855,7.317,52.7327857142857,1.61246428571429,"2011-05-25 10:31:00","2011-06-13 09:46:00","2011-07-17 02:52:21","2011-10-18 09:21:29","2011-10-20 21:21:07","2011-10-20 21:21:07",180,"2012-02-09 17:01:15","2012-02-07 09:08:04","2012-03-26 09:13:14",NA,NA,"2012-04-09 14:29:01","Norfolk Broads","SE","UA","dep_wa",TRUE,"Spring",FALSE,5,1,0,NA,0
"62520",2011,155,155,188,198,321,327,NA,NA,NA,NA,NA,NA,NA,NA,"Lowland","SW","2011-06-04 08:17:00",-0.392,TRUE,43.263,NA,NA,NA,NA,52.4021764705882,0.762573529411765,"2011-05-19 20:59:00","2011-06-05 08:17:00","2011-07-17 21:22:46","2011-11-18 19:42:06","2011-11-23 19:39:50","2012-02-18 00:47:12",193,NA,"2012-02-20 09:37:26",NA,NA,NA,"2012-02-20 09:37:26","Thetford Forest","SW","M","dep_wgr_b",TRUE,"Spring",FALSE,5,1,0,NA,0
"62602",2011,180,180,199,207,NA,343,NA,NA,NA,NA,455,NA,NA,NA,"Lowland","SE","2011-06-29 08:21:00",-1.4,TRUE,45.033,-3.672,8.023,-3.663,8.0235,52.6706975609756,1.69003414634146,"2011-05-20 05:51:00","2011-06-30 08:21:00","2011-07-26 04:03:24","2011-12-06 14:49:53","2011-12-09 08:11:39","2012-01-30 08:33:17",200,"2012-03-06 15:33:06","2012-02-04 03:01:38","2012-03-18 03:50:58",NA,NA,"2012-04-04 02:06:38","Norfolk Broads","SE","M","dep_wa",TRUE,"Spring",FALSE,4,NA,NA,0,0
"62608",2011,155,167,203,206,280,283,365,NA,459,460,458,NA,487,489,"Lowland","SE","2011-06-04 20:30:00",0.855,TRUE,44.9695,-3.118,7.275,-3.132,7.274,52.3232048875562,0.594651071964018,"2011-06-01 10:26:00","2011-06-17 19:42:00","2011-07-25 15:33:41","2011-10-10 19:48:52","2011-10-10 19:48:52","2012-01-02 13:39:24",210,"2012-03-02 12:27:39","2012-02-19 07:12:15","2012-04-02 10:09:18","2012-05-01 04:00:21","2012-05-03 20:30:49","2015-08-03 18:18:45","Thetford Forest","SE",NA,NA,FALSE,NA,FALSE,5,1,0,NA,0
"62608",2012,160,160,NA,201,267,355,NA,NA,459,NA,457,465,490,490,"Lowland","SE","2012-06-08 11:56:54",0.181,FALSE,51.3625,-0.148,7.492,-0.158,7.485,52.3232048875562,0.594651071964018,"2011-06-01 10:26:00","2012-06-09 11:56:54","2012-07-19 07:06:30","2012-09-25 06:56:29","2012-12-20 03:31:17","2012-12-08 06:07:49",224,"2013-03-04 08:06:18","2013-02-25 02:55:48","2013-04-01 18:42:56","2013-05-04 05:04:05","2013-05-04 05:04:05","2015-08-03 18:18:45","Thetford Forest","SE",NA,NA,FALSE,NA,FALSE,5,2,1,NA,1
"62608",2013,171,171,202,206,267,373,380,420,NA,NA,465,471,481,481,"Lowland","SE","2013-06-20 16:58:59",-8.587,TRUE,44.928,-3.946,7.722,-3.921,7.599,52.3232048875562,0.594651071964018,"2011-06-01 10:26:00","2013-06-21 16:58:59","2013-07-25 01:58:10","2013-09-26 02:09:43","2014-01-08 13:52:52","2013-09-26 02:09:43",239,"2014-02-25 09:05:24","2014-02-20 15:34:51","2014-04-06 21:27:48","2014-04-26 02:52:52","2014-04-26 02:52:52","2015-08-03 18:18:45","Thetford Forest","SE",NA,NA,FALSE,NA,FALSE,5,3,1,NA,2
"62608",2014,187,187,244,249,290,348,384,420,472,473,472,476,483,483,"Lowland","SE","2014-07-06 04:54:16",-7.552,TRUE,45.0875,-1.91367,8.16752,-1.90486,8.16581,52.3232048875562,0.594651071964018,"2011-06-01 10:26:00","2014-07-07 04:54:16","2014-09-06 16:51:39","2014-10-18 12:17:58","2014-12-14 00:41:04","2014-10-18 12:17:58",256,"2015-02-25 20:58:10","2015-02-21 02:44:57","2015-04-16 14:02:35","2015-04-28 21:26:04","2015-04-28 21:26:04","2015-08-03 18:18:45","Thetford Forest","SE",NA,NA,FALSE,NA,FALSE,5,4,1,NA,3
"62608",2015,182,182,NA,NA,NA,NA,NA,NA,NA,NA,NA,NA,NA,NA,"Lowland","SE","2015-07-01 01:41:10",NA,TRUE,44.9062,NA,NA,NA,NA,52.3232048875562,0.594651071964018,"2011-06-01 10:26:00","2015-07-02 01:41:10",NA,NA,NA,NA,NA,NA,NA,NA,NA,NA,"2015-08-03 18:18:45","Thetford Forest","SE","M","dep_UK",TRUE,"Autumn",TRUE,5,5,1,NA,4
"62688",2011,203,205,236,237,298,309,NA,NA,NA,NA,467,479,486,486,"Lowland","SW","2011-07-22 21:00:07",-0.982,TRUE,33.434,-0.45,7.528,-0.377,7.677,52.5733815789474,1.53913651315789,"2011-05-25 08:47:00","2011-07-25 14:26:17","2011-08-25 04:12:33","2011-10-26 18:07:53","2011-11-05 13:03:31","2012-01-30 06:06:22",273,"2012-03-05 00:49:08","2012-02-16 11:40:31","2012-04-01 01:04:43","2012-04-30 16:10:12","2012-04-30 16:10:12","2012-08-03 22:09:28","Norfolk Broads","SW",NA,NA,FALSE,NA,FALSE,5,1,0,NA,0
"62688",2012,191,191,NA,NA,NA,NA,NA,NA,NA,NA,NA,NA,NA,NA,"Lowland","SW","2012-07-09 03:01:00",NA,TRUE,41.657,NA,NA,NA,NA,52.5733815789474,1.53913651315789,"2011-05-25 08:47:00","2012-07-10 03:01:00",NA,NA,NA,NA,NA,NA,NA,NA,NA,NA,"2012-08-03 22:09:28","Norfolk Broads","SW","M","dep_UK",TRUE,"Autumn",TRUE,5,2,1,NA,1
"115586",2013,197,197,217,225,299,336,375,421,NA,NA,NA,NA,489,491,"Lowland","SW","2013-07-16 05:00:37",-0.256,TRUE,41.996,-4.375,7.251,-4.823,6.7615,52.7645852687459,1.55845815527538,"2013-06-05 04:43:49","2013-07-17 05:00:37","2013-08-13 04:11:18","2013-10-27 03:33:06","2013-12-02 06:47:12","2014-01-12 00:12:05",287,"2014-02-26 07:12:42","2014-02-21 16:44:44","2014-04-14 14:45:59","2014-05-04 07:41:23","2014-05-06 15:27:03","2015-08-18 07:11:52","Norfolk Broads","SW",NA,NA,FALSE,NA,FALSE,4,NA,NA,0,0
"115586",2014,202,202,211,226,273,350,373,421,465,NA,463,470,481,481,"Lowland","SW","2014-07-21 20:44:49",-0.255,TRUE,42.076,-7.11989,7.84553,-7.115975,7.844095,52.7645852687459,1.55845815527538,"2013-06-05 04:43:49","2014-07-22 20:44:49","2014-08-14 05:23:25","2014-10-01 20:00:13","2014-12-16 17:20:03","2015-01-28 16:46:24",303,"2015-02-26 17:55:37","2015-02-24 14:51:32","2015-04-08 05:38:31","2015-04-26 07:31:48","2015-04-26 07:31:48","2015-08-18 07:11:52","Norfolk Broads","SW",NA,NA,FALSE,NA,FALSE,4,NA,1,1,1
"115586",2015,184,187,NA,NA,NA,NA,NA,NA,NA,NA,NA,NA,NA,NA,"Lowland","SW","2015-07-03 20:37:57",NA,TRUE,32.16213,NA,NA,NA,NA,52.7645852687459,1.55845815527538,"2013-06-05 04:43:49","2015-07-07 05:00:30",NA,NA,NA,NA,NA,NA,NA,NA,NA,NA,"2015-08-18 07:11:52","Norfolk Broads","SW","UA","dep_UK",TRUE,"Autumn",TRUE,4,NA,1,2,2
"115588",2012,165,204,NA,NA,NA,NA,NA,NA,NA,NA,NA,NA,NA,NA,"Upland","SE","2012-06-13 22:50:34",NA,TRUE,45.462,NA,NA,NA,NA,56.2455026455026,-4.53104232804233,"2012-05-15 20:44:21","2012-07-23 03:58:30",NA,NA,NA,NA,NA,NA,NA,NA,NA,NA,"2012-09-09 19:40:26","Trossachs","SE","UC","dep_UK",TRUE,"Autumn",TRUE,4,NA,NA,0,0
"115589",2012,176,178,NA,NA,NA,NA,NA,NA,NA,NA,NA,NA,NA,NA,"Lowland","SW","2012-06-24 21:45:46",NA,TRUE,43.901,NA,NA,NA,NA,52.4597871621622,1.65184797297297,"2012-05-09 15:49:54","2012-06-27 02:14:07",NA,NA,NA,NA,NA,NA,NA,NA,NA,NA,"2012-08-05 13:32:07","Norfolk Broads","SW","M","dep_UK",TRUE,"Autumn",TRUE,5,1,0,NA,0
"115590",2013,185,186,211,217,269,336,NA,NA,465,468,466,473,489,491,"Upland","SE","2013-07-04 21:33:32",-1.83,TRUE,45.8215,-7.431,11.882,-5.131,7.074,57.2301611374408,-5.74627172195893,"2013-05-23 21:41:10","2013-07-06 21:00:54","2013-08-05 04:04:27","2013-09-28 03:47:27","2013-12-02 20:42:47","2014-02-06 20:06:27",334,"2014-02-27 10:01:07","2014-02-20 12:39:07","2014-04-11 11:32:03","2014-05-04 15:54:26","2014-05-06 12:58:13","2014-09-29 16:33:10","Skye & Lochalsh","SE",NA,NA,FALSE,NA,FALSE,5,1,0,NA,0
"115590",2014,167,172,215,221,NA,NA,NA,NA,NA,NA,NA,NA,NA,NA,"Upland","SE","2014-06-16 20:43:16",NA,TRUE,46.075,NA,NA,NA,NA,57.2301611374408,-5.74627172195893,"2013-05-23 21:41:10","2014-06-22 06:02:35","2014-08-09 00:28:43",NA,NA,NA,NA,NA,NA,NA,NA,NA,"2014-09-29 16:33:10","Skye & Lochalsh","SE","M","fin_sah_sb",TRUE,"Autumn",FALSE,5,2,1,NA,1
"115591",2012,169,169,204,212,338,339,377,NA,470,471,469,474,485,487,"Upland","SE","2012-06-17 15:13:14",-1.5005,TRUE,45.9475,-10.29,10.303,-10.292,10.307,56.2428826530612,-4.50481632653061,"2012-05-17 06:14:58","2012-06-18 15:13:14","2012-07-30 07:22:15","2012-12-04 21:22:22","2012-12-04 21:22:22","2013-01-13 05:15:57",352,"2013-03-14 14:21:31","2013-02-28 16:05:10","2013-04-13 10:24:00","2013-04-29 16:53:21","2013-05-01 19:55:20","2014-11-22 16:03:20","Trossachs","SE",NA,NA,FALSE,NA,FALSE,5,1,0,NA,0
"115591",2013,171,171,203,211,340,366,371,421,466,NA,468,473,487,487,"Upland","SE","2013-06-20 04:40:25",-1.348,TRUE,45.992,-0.447,13.997,-0.268,11.316,56.2428826530612,-4.50481632653061,"2012-05-17 06:14:58","2013-06-21 04:40:25","2013-07-30 02:44:06","2013-12-07 08:36:35","2014-01-01 21:24:05","2013-12-07 08:36:35",364,"2014-02-26 13:17:41","2014-02-24 04:37:21","2014-04-13 18:19:30","2014-05-02 06:57:57","2014-05-02 06:57:57","2014-11-22 16:03:20","Trossachs","SE",NA,NA,FALSE,NA,FALSE,5,2,1,NA,1
"115591",2014,178,187,250,261,320,NA,NA,NA,NA,NA,NA,NA,NA,NA,"Upland","SE","2014-06-27 05:15:05",NA,TRUE,45.9545,NA,NA,NA,NA,56.2428826530612,-4.50481632653061,"2012-05-17 06:14:58","2014-07-07 04:55:05","2014-09-18 03:20:58","2014-11-18 05:00:53",NA,NA,NA,NA,"2014-11-22 16:03:20",NA,NA,NA,"2014-11-22 16:03:20","Trossachs","SE","UA","arr_wgr_a",TRUE,"Autumn",FALSE,5,3,1,NA,2
"115593",2012,171,191,241,244,268,NA,NA,NA,NA,NA,NA,NA,NA,NA,"Upland","SE","2012-06-19 11:00:03",NA,TRUE,42.538,NA,NA,NA,NA,56.2545906040268,-4.59081208053691,"2012-05-16 10:26:07","2012-07-10 18:32:38","2012-08-31 16:12:53","2012-09-25 05:21:00",NA,NA,NA,NA,"2012-10-04 03:05:20",NA,NA,NA,"2012-10-04 03:05:20","Trossachs","SE","UA","arr_wgr_a",TRUE,"Autumn",FALSE,4,NA,NA,0,0
"115594",2012,167,169,NA,230,272,334,341,395,NA,NA,469,473,495,495,"Upland","SE","2012-06-15 08:17:41",-3.603,TRUE,42.295,-12.11,9.865,-12.108,9.8655,52.170916400385,-3.93159812319538,"2012-05-31 07:09:38","2012-06-18 13:34:06","2012-08-17 19:12:58","2012-09-29 23:55:48","2012-11-29 08:39:21","2012-12-08 11:09:31",394,"2013-01-30 20:03:51","2013-01-28 12:06:29","2013-04-08 05:51:11","2013-05-09 02:52:18","2013-05-09 02:52:18","2016-12-20 07:39:45","Wales","SE",NA,NA,FALSE,NA,FALSE,4,NA,NA,0,0
"115594",2013,180,180,233,239,270,306,NA,394,470,473,471,475,498,498,"Upland","SE","2013-06-29 14:37:29",-3.153,TRUE,42.308,-16.437,14.023,-12.1225,9.8765,52.170916400385,-3.93159812319538,"2012-05-31 07:09:38","2013-06-30 14:37:29","2013-08-27 12:56:05","2013-09-28 14:26:06","2013-11-02 08:50:54","2013-10-28 19:31:25",411,"2014-01-30 00:17:00","2014-01-27 15:26:39","2014-04-16 11:52:50","2014-05-13 21:22:06","2014-05-13 21:22:06","2016-12-20 07:39:45","Wales","SE",NA,NA,FALSE,NA,FALSE,4,NA,1,1,1
"115594",2014,180,180,213,221,265,NA,NA,NA,NA,NA,NA,471,482,482,"Upland","SE","2014-06-29 20:34:43",-3.66102,TRUE,42.39,-12.09825,9.82376,-10.9709,9.5504,52.170916400385,-3.93159812319538,"2012-05-31 07:09:38","2014-06-30 20:34:43","2014-08-09 03:12:23","2014-09-24 00:27:51","2014-12-16 16:26:40","2015-01-27 17:07:31",423,"2015-02-13 09:02:43","2015-01-30 07:13:55","2015-04-07 07:47:22","2015-04-27 18:33:41","2015-04-27 18:33:41","2016-12-20 07:39:45","Wales","SE",NA,NA,FALSE,NA,FALSE,4,NA,1,2,2
"115594",2015,189,189,240,245,283,NA,NA,439,469,470,468,NA,489,489,"Upland","SE","2015-07-08 19:59:11",-3.630765,TRUE,42.36009,-12.146,9.902,-12.14821,9.90106,52.170916400385,-3.93159812319538,"2012-05-31 07:09:38","2015-07-09 19:59:11","2015-09-02 20:50:28","2015-10-11 12:33:28","2015-12-13 05:26:53","2015-10-20 17:01:39",435,"2016-03-15 20:09:55","2016-03-11 03:27:03","2016-04-12 11:09:49","2016-05-03 12:38:49","2016-05-03 12:38:49","2016-12-20 07:39:45","Wales","SE",NA,NA,FALSE,NA,FALSE,4,NA,1,3,3
"115594",2016,172,172,234,240,277,341,NA,NA,NA,NA,NA,NA,NA,NA,"Upland","SE","2016-06-20 06:56:56",-3.5045,TRUE,42.352735,NA,NA,NA,NA,52.170916400385,-3.93159812319538,"2012-05-31 07:09:38","2016-06-21 06:56:56","2016-08-27 01:07:06","2016-10-04 20:10:25","2016-12-06 07:30:03","2016-10-14 02:12:09",446,NA,"2016-12-20 07:39:45",NA,NA,NA,"2016-12-20 07:39:45","Wales","SE","UA","arr_wgr_b",TRUE,"Autumn",FALSE,4,NA,1,4,4
"115595",2012,173,173,NA,NA,NA,NA,NA,NA,NA,NA,NA,NA,NA,NA,"Lowland","SW","2012-06-21 10:19:18",NA,TRUE,42.642,NA,NA,NA,NA,52.7119233716475,1.46128352490421,"2012-05-09 07:43:43","2012-06-22 10:19:18",NA,NA,NA,NA,NA,NA,NA,NA,NA,NA,"2012-07-24 02:34:55","Norfolk Broads","SW","M","dep_UK",TRUE,"Autumn",TRUE,4,NA,NA,0,0
"115596",2012,158,169,NA,NA,NA,NA,NA,NA,NA,NA,NA,NA,NA,NA,"Upland","SE","2012-06-06 05:41:58",NA,TRUE,45.114,NA,NA,NA,NA,52.2718611111111,-3.82588888888889,"2012-05-31 11:55:17","2012-06-18 21:20:34",NA,NA,NA,NA,NA,NA,NA,NA,NA,NA,"2012-08-05 16:47:32","Wales","SE","M","dep_UK",TRUE,"Autumn",TRUE,5,1,0,NA,0
"115597",2012,164,170,276,280,328,339,414,451,476,479,477,NA,NA,NA,"Upland","SE","2012-06-12 17:30:50",-3.716,TRUE,44.664,-3.839,8.13,-3.838,8.22,52.23825,-3.93076724137931,"2012-05-30 02:09:00","2012-06-19 13:32:17","2012-10-06 10:40:27","2012-11-25 04:37:38","2012-12-04 16:59:52","2013-03-20 07:08:22",463,"2013-03-27 13:33:27","2013-03-22 15:27:14","2013-04-18 05:15:18",NA,NA,"2013-04-25 16:50:11","Wales","SE","M","dep_wa",TRUE,"Spring",FALSE,5,1,0,NA,0
"115598",2012,169,171,232,235,NA,NA,NA,NA,NA,NA,NA,NA,NA,NA,"Upland","SE","2012-06-17 04:55:20",NA,TRUE,45.334,NA,NA,NA,NA,52.2783839285714,-3.89136607142857,"2012-05-30 15:23:00","2012-06-20 11:01:05","2012-08-22 08:35:31",NA,NA,NA,NA,NA,NA,NA,NA,NA,"2012-09-17 00:35:51","Wales","SE","M","fin_sah_sb",TRUE,"Autumn",FALSE,4,NA,NA,0,0
"115599",2013,175,175,NA,209,281,NA,NA,NA,NA,NA,NA,NA,NA,NA,"Upland","SE","2013-06-24 02:49:03",-2.3845,FALSE,48.952,15.229,4.026,15.189,4.02,50.581684729064,-3.73766995073892,"2013-05-14 17:25:46","2013-06-25 02:49:03","2013-07-28 04:02:35","2013-10-10 07:01:19","2013-10-24 07:40:12","2013-10-24 07:40:12",481,"2014-02-28 16:24:13","2013-12-10 02:22:45","2014-03-14 21:45:42",NA,NA,"2014-03-14 21:45:42","Dartmoor","C","M","dep_wgr_a",TRUE,"Spring",FALSE,4,NA,NA,0,0
"115600",2012,169,171,200,208,NA,NA,NA,NA,NA,NA,NA,NA,NA,NA,"Upland","SE","2012-06-17 15:13:50",NA,TRUE,45.939,NA,NA,NA,NA,56.2553014354067,-4.5592009569378,"2012-05-15 11:48:28","2012-06-20 22:25:34","2012-07-26 18:44:14",NA,NA,NA,NA,NA,NA,NA,NA,NA,"2012-08-02 12:17:13","Trossachs","SE","UA","fin_sah_sb",TRUE,"Autumn",FALSE,4,NA,NA,0,0
"115602",2012,173,173,NA,228,313,314,377,NA,NA,NA,465,469,481,484,"Upland","SE","2012-06-21 09:00:24",-0.934,FALSE,52.134,-3.657,8.416,-3.666,8.415,56.2517489495798,-4.54760399159664,"2012-05-15 11:35:59","2012-06-22 09:00:24","2012-08-15 10:10:01","2012-11-09 19:55:02","2012-11-09 19:55:02","2013-01-13 13:34:24",493,"2013-02-07 14:05:02","2013-01-31 00:55:59","2013-03-29 13:15:28","2013-04-25 22:31:48","2013-04-28 11:47:24","2013-12-04 07:42:09","Trossachs","SE",NA,NA,FALSE,NA,FALSE,5,1,0,NA,0
"115602",2013,182,182,214,223,306,310,NA,NA,NA,NA,NA,NA,NA,NA,"Upland","SE","2013-07-01 15:52:54",-2.108,FALSE,52.065,NA,NA,NA,NA,56.2517489495798,-4.54760399159664,"2012-05-15 11:35:59","2013-07-02 15:52:54","2013-08-11 05:57:42","2013-11-04 03:19:24","2013-11-06 11:42:34","2013-11-06 11:42:34",507,NA,"2013-12-04 07:42:09",NA,NA,NA,"2013-12-04 07:42:09","Trossachs","SE","UB","arr_wgr_b",TRUE,"Autumn",FALSE,5,2,1,NA,1
"121791",2013,168,168,210,218,NA,NA,NA,NA,NA,NA,NA,NA,NA,NA,"Lowland","SE","2013-06-17 05:06:53",NA,TRUE,42.564,NA,NA,NA,NA,51.0463617021277,0.0685797872340426,"2013-05-14 09:34:21","2013-06-18 05:06:53","2013-08-06 03:04:24",NA,NA,NA,NA,NA,NA,NA,NA,NA,"2013-09-09 23:11:00","South Downs","C","M","fin_sah_sb",TRUE,"Autumn",FALSE,4,NA,NA,0,0
"121792",2014,176,178,209,212,258,290,387,390,464,NA,465,470,477,480,"Lowland","SE","2014-06-25 01:45:39",-1.567,TRUE,44.564,-8.08836,11.46038,-4.42061,7.2758,52.4915885714286,0.582403594470046,"2014-05-31 11:07:56","2014-06-28 12:52:26","2014-07-31 15:54:37","2014-09-16 16:40:32","2014-10-17 15:49:34","2014-09-19 04:43:07",519,"2015-01-26 19:35:38","2015-01-24 07:35:43","2015-04-10 17:02:55","2015-04-22 15:58:13","2015-04-25 02:40:52","2016-04-20 05:15:47","Thetford Forest","SE",NA,NA,FALSE,NA,FALSE,4,NA,NA,0,0
"121792",2015,168,170,194,200,265,268,366,432,459,NA,457,464,476,NA,"Lowland","SE","2015-06-17 05:16:55",-1.60695,TRUE,43.57848,-4.17802,7.70756,-4.17838,7.707775,52.4915885714286,0.582403594470046,"2014-05-31 11:07:56","2015-06-20 17:50:57","2015-07-19 02:00:51","2015-09-25 04:55:52","2015-09-25 04:55:52","2016-01-08 08:53:48",530,"2016-03-08 09:54:20","2016-03-06 00:40:21","2016-04-01 06:28:36","2016-04-20 05:15:47",NA,"2016-04-20 05:15:47","Thetford Forest","C","M","arr_UK",TRUE,"Spring",FALSE,4,NA,1,1,1
"128296",2013,186,200,198,211,294,341,386,NA,NA,NA,NA,NA,NA,NA,"Lowland","SW","2013-07-05 22:41:54",-1.893,FALSE,52.877,-3.662,7.807,-3.661,7.8075,52.6612194444444,1.612725,"2013-05-12 13:55:48","2013-07-20 18:34:03","2013-07-30 06:29:22","2013-10-22 23:51:19","2013-12-07 00:09:58","2013-10-25 15:25:47",545,"2014-02-13 20:57:16","2014-02-04 04:29:27","2014-04-04 07:11:45",NA,NA,"2014-04-04 07:11:45","Norfolk Broads","SW","M","dep_wgr_a",TRUE,"Spring",FALSE,4,NA,NA,0,0
"128297",2013,177,178,241,247,291,302,356,NA,NA,NA,NA,472,487,487,"Upland","SW","2013-06-26 21:28:52",-1.014,TRUE,40.658,-3.826,7.531,NA,NA,50.5572419724771,-3.78557110091743,"2013-05-14 13:14:39","2013-06-28 19:35:35","2013-09-04 13:13:36","2013-10-19 19:41:31","2013-10-29 13:40:30","2014-02-08 09:09:52",561,"2014-03-26 09:49:29","2014-03-18 23:58:03","2014-03-26 09:49:29","2014-05-02 03:26:31","2014-05-02 03:26:31","2015-01-20 00:35:29","Dartmoor","SW",NA,NA,FALSE,NA,FALSE,4,NA,NA,0,0
"128297",2014,169,170,NA,196,274,NA,NA,NA,NA,NA,NA,NA,NA,NA,"Upland","SE","2014-06-18 14:47:19",-2.54401,TRUE,44.342,NA,NA,NA,NA,50.5572419724771,-3.78557110091743,"2013-05-14 13:14:39","2014-06-20 16:35:26","2014-07-15 16:17:08","2014-10-02 20:32:36","2014-12-26 16:59:42","2014-10-05 05:47:29",573,NA,"2015-01-20 00:35:29",NA,NA,NA,"2015-01-20 00:35:29","Dartmoor","SE","UA","dep_wgr_b",TRUE,"Spring",FALSE,4,NA,1,1,1
"128298",2013,179,181,NA,NA,NA,NA,NA,NA,NA,NA,NA,NA,NA,NA,"Upland","SW","2013-06-28 15:47:55",NA,TRUE,43.819,NA,NA,NA,NA,50.5287953410982,-3.85914808652246,"2013-05-16 16:15:58","2013-07-01 05:48:46",NA,NA,NA,NA,NA,NA,NA,NA,NA,NA,"2013-07-20 13:09:09","Dartmoor","C","UB","dep_UK",TRUE,"Autumn",TRUE,4,NA,NA,0,0
"128299",2013,180,180,201,209,NA,NA,NA,NA,NA,NA,NA,NA,NA,NA,"Lowland","SW","2013-06-29 06:21:24",NA,TRUE,40.45,NA,NA,NA,NA,52.2717960199005,0.377373134328358,"2013-05-31 10:23:35","2013-06-30 06:21:24","2013-07-28 13:24:13",NA,NA,NA,NA,NA,NA,NA,NA,NA,"2013-08-20 12:33:21","Thetford Forest","SW","M","fin_sah_sb",TRUE,"Autumn",FALSE,5,1,0,NA,0
"128300",2013,174,177,211,217,277,281,303,NA,470,472,471,475,489,491,"Upland","SE","2013-06-23 22:07:46",-1.213,TRUE,45.049,-11.005,18.94,-7.127,9.943,57.3139811035525,-5.63558125472411,"2013-05-22 06:49:35","2013-06-27 12:16:53","2013-08-05 09:24:09","2013-10-06 07:53:00","2013-10-08 15:38:09","2014-02-21 03:04:47",588,"2014-03-09 16:58:59","2014-02-28 04:38:05","2014-04-16 20:00:34","2014-05-04 08:23:45","2014-05-06 16:45:41","2015-03-16 14:49:36","Skye & Lochalsh","SE",NA,NA,FALSE,NA,FALSE,4,NA,NA,0,0
"128300",2014,164,166,207,211,264,332,NA,419,NA,NA,NA,NA,NA,NA,"Upland","SE","2014-06-13 13:48:51",-3.624,TRUE,45.0945,-7.063,8.106,15.54331,4.64944,57.3139811035525,-5.63558125472411,"2013-05-22 06:49:35","2014-06-16 15:09:30","2014-07-30 11:55:46","2014-09-23 03:01:16","2014-11-28 08:59:28","2015-02-07 13:13:25",608,"2015-02-24 00:38:37","2015-02-19 08:41:45","2015-03-16 14:49:36",NA,NA,"2015-03-16 14:49:36","Skye & Lochalsh","SE","UA","dep_wgr_a",TRUE,"Spring",FALSE,4,NA,1,1,1
"128302",2013,181,181,220,227,279,347,362,442,NA,459,458,461,476,478,"Lowland","SW","2013-06-30 01:44:04",-9.835,TRUE,40.6065,-6.654,16.292,-3.828,7.454,52.6173325358852,1.40484449760766,"2013-06-03 17:39:05","2013-07-01 01:44:04","2013-08-15 02:09:00","2013-10-08 09:05:40","2013-12-13 20:09:12","2013-10-08 09:05:40",625,"2014-03-19 15:58:58","2014-03-17 03:27:01","2014-04-03 18:29:02","2014-04-21 20:36:16","2014-04-23 15:25:44","2014-11-07 13:32:49","Norfolk Broads","SW",NA,NA,FALSE,NA,FALSE,4,NA,NA,0,0
"128302",2014,179,179,211,224,274,289,NA,NA,NA,NA,NA,NA,NA,NA,"Lowland","SW","2014-06-28 17:47:28",-7.767,TRUE,40.602,NA,NA,NA,NA,52.6173325358852,1.40484449760766,"2013-06-03 17:39:05","2014-06-29 17:47:28","2014-08-12 16:36:21","2014-10-02 19:38:56","2014-10-16 14:34:00","2014-10-05 04:09:52",642,NA,"2014-11-07 13:32:49",NA,NA,NA,"2014-11-07 13:32:49","Norfolk Broads","SW","UB","arr_wgr_b",TRUE,"Autumn",FALSE,4,NA,1,1,1
"128303",2013,189,206,244,252,283,286,342,438,470,472,471,NA,NA,NA,"Upland","SE","2013-07-08 19:59:09",-2.081,TRUE,45.181,-12.35,14.045,-10.7235,9.9685,57.2649831223629,-5.36040506329114,"2013-05-21 06:26:57","2013-07-26 12:07:20","2013-09-09 08:58:06","2013-10-11 13:02:47","2013-10-13 19:59:55","2014-02-18 03:31:52",650,"2014-03-15 16:10:04","2014-03-13 08:37:21","2014-04-16 22:57:44",NA,NA,"2014-04-21 18:59:26","Skye & Lochalsh","SE","M","dep_wa",TRUE,"Spring",FALSE,4,NA,NA,0,0
"128304",2013,175,175,NA,NA,NA,NA,NA,NA,NA,NA,NA,NA,NA,NA,"Upland","SW","2013-06-24 07:17:12",NA,TRUE,34.618,NA,NA,NA,NA,50.5147890295359,-3.84535021097046,"2013-05-16 08:52:34","2013-06-25 07:17:12",NA,NA,NA,NA,NA,NA,NA,NA,NA,NA,"2013-08-14 18:22:20","Dartmoor","SW","M","dep_UK",TRUE,"Autumn",TRUE,4,NA,NA,0,0
"134950",2014,185,185,NA,NA,NA,NA,NA,NA,NA,NA,NA,NA,NA,NA,"Lowland",NA,"2014-07-04 20:30:45",NA,TRUE,46.997,NA,NA,NA,NA,52.4438160377358,0.573429245283019,"2014-05-23 05:07:24","2014-07-05 20:30:45",NA,NA,NA,NA,NA,NA,NA,NA,NA,NA,"2014-07-15 04:53:40","Thetford Forest",NA,"M","dep_UK",TRUE,"Autumn",TRUE,NA,NA,NA,NA,0
"134951",2014,169,169,222,231,335,384,427,445,NA,NA,475,479,NA,NA,"Lowland","SW","2014-06-18 05:55:06",0.028645,TRUE,40.2205,6.68952,5.04566,6.68949,5.039085,51.0411817351598,0.112181324200913,"2014-06-05 11:45:58","2014-06-19 05:55:06","2014-08-19 04:23:59","2014-12-02 18:00:31","2015-01-19 07:47:26","2014-12-02 18:00:31",676,"2015-03-22 03:50:13","2015-03-19 16:04:36","2015-04-12 13:06:55",NA,NA,"2015-05-01 16:52:00","South Downs","SW","M","dep_wa",TRUE,"Spring",FALSE,4,NA,NA,0,0
"134952",2014,167,169,192,198,265,NA,NA,NA,459,NA,461,466,471,471,"Lowland","SW","2014-06-16 04:27:13",0.284,TRUE,40.413,-5.3066,12.16351,-1.99087,8.27246,53.2108976027397,-1.20450880136986,"2014-05-19 13:32:18","2014-06-19 17:01:12","2014-07-17 01:21:30","2014-09-23 05:26:24","2015-01-25 12:20:29","2015-02-17 13:02:53",687,"2015-03-03 16:05:15","2015-02-19 19:45:17","2015-04-06 09:24:56","2015-04-16 12:34:09","2015-04-16 12:34:09","2015-07-09 18:07:43","Sherwood Forest","SW",NA,NA,FALSE,NA,FALSE,4,NA,NA,0,0
"134952",2015,172,174,NA,NA,NA,NA,NA,NA,NA,NA,NA,NA,NA,NA,"Lowland","SW","2015-06-21 10:16:47",NA,TRUE,40.5209,NA,NA,NA,NA,53.2108976027397,-1.20450880136986,"2014-05-19 13:32:18","2015-06-24 19:14:12",NA,NA,NA,NA,NA,NA,NA,NA,NA,NA,"2015-07-09 18:07:43","Sherwood Forest","SW","M","dep_UK",TRUE,"Autumn",TRUE,4,NA,1,1,1
"134953",2014,166,166,NA,NA,NA,NA,NA,NA,NA,NA,NA,NA,NA,NA,"Lowland","SW","2014-06-15 19:37:42",NA,TRUE,39.0875,NA,NA,NA,NA,50.8750578512397,-1.63211570247934,"2014-05-27 18:08:22","2014-06-16 19:37:42",NA,NA,NA,NA,NA,NA,NA,NA,NA,NA,"2014-07-14 11:05:19","New Forest","SW","M","dep_UK",TRUE,"Autumn",TRUE,5,1,0,NA,0
"134955",2014,166,168,213,214,302,315,349,NA,468,NA,485,490,505,505,"Lowland","SW","2014-06-15 05:50:39",-0.515,TRUE,29.797,-7.41991,9.33021,4.54419,8.666195,53.1429519607843,-1.11219721568627,"2014-05-20 10:03:44","2014-06-18 21:19:36","2014-08-02 06:02:21","2014-10-31 04:06:23","2014-11-11 20:00:21","2015-02-11 12:34:19",707,"2015-03-05 08:51:20","2015-02-13 18:07:52","2015-04-16 16:57:29","2015-05-20 07:35:04","2015-05-20 07:35:04","2015-06-12 13:38:28","Sherwood Forest","SW",NA,NA,FALSE,NA,FALSE,NA,NA,NA,NA,0
"134955",2015,158,160,NA,NA,NA,NA,NA,NA,NA,NA,NA,NA,NA,NA,"Lowland","SW","2015-06-07 06:47:04",NA,FALSE,50.7819,NA,NA,NA,NA,53.1429519607843,-1.11219721568627,"2014-05-20 10:03:44","2015-06-10 11:10:59",NA,NA,NA,NA,NA,NA,NA,NA,NA,NA,"2015-06-12 13:38:28","Sherwood Forest","SW","UC","dep_UK",TRUE,"Autumn",TRUE,NA,NA,1,NA,1
"134956",2014,169,169,199,205,275,281,321,NA,NA,NA,NA,NA,NA,NA,"Lowland","SE","2014-06-18 02:57:05",-2.846,TRUE,39.467,-10.93629,7.49766,-10.929,7.4859,50.8684872997033,-1.67934302670623,"2014-05-27 12:01:37","2014-06-19 02:57:05","2014-07-24 00:06:47","2014-10-03 08:17:47","2014-10-08 01:22:13","2014-11-19 00:12:08",726,"2015-02-06 22:36:42","2015-01-09 05:31:19","2015-02-16 03:50:22","2015-04-15 09:07:59","2015-04-15 09:07:59","2015-08-13 13:40:54","New Forest","SE",NA,NA,FALSE,NA,FALSE,NA,NA,NA,NA,0
"134956",2015,NA,NA,NA,197,NA,NA,NA,NA,NA,NA,NA,NA,NA,NA,"Lowland","SE","2015-06-26 01:01:27",NA,TRUE,42.47053,NA,NA,NA,NA,50.8684872997033,-1.67934302670623,"2014-05-27 12:01:37","2015-06-27 01:01:27","2015-07-16 20:42:19",NA,NA,NA,NA,NA,NA,NA,NA,NA,"2015-08-13 13:40:54","New Forest","SE","UA","fin_sah_sb",TRUE,"Autumn",FALSE,NA,NA,1,NA,1
"134957",2014,185,186,224,232,295,NA,NA,NA,NA,NA,NA,NA,NA,483,"Lowland","SW","2014-07-04 17:30:38",-1.62964,TRUE,43.746,2.87863,10.14086,NA,NA,53.1441344725738,-1.1026929535865,"2014-05-20 06:15:06","2014-07-06 09:37:50","2014-08-20 04:12:23","2014-10-23 08:04:38","2015-01-30 17:05:14","2014-10-30 02:41:07",741,"2015-03-15 13:19:19","2015-02-06 16:21:23","2015-03-15 13:19:19","2015-04-27 10:24:29","2015-04-28 10:02:05","2015-06-24 13:04:27","Sherwood Forest","SW",NA,NA,FALSE,NA,FALSE,4,NA,NA,0,0
"134957",2015,NA,NA,NA,NA,NA,NA,NA,NA,NA,NA,NA,NA,NA,NA,"Lowland","SW","2015-06-22 09:58:45",NA,NA,NA,NA,NA,NA,NA,53.1441344725738,-1.1026929535865,"2014-05-20 06:15:06","2015-06-23 09:58:45",NA,NA,NA,NA,NA,NA,NA,NA,NA,NA,"2015-06-24 13:04:27","Sherwood Forest","SW","M","dep_UK",TRUE,"Autumn",TRUE,4,NA,1,1,1
"134958",2014,168,168,201,209,262,363,380,416,NA,NA,NA,NA,NA,NA,"Upland","SE","2014-06-17 12:59:35",-2.582695,TRUE,43.98,-7.31446,9.27645,-7.30867,9.27277,50.5762847457627,-3.77723728813559,"2014-05-15 08:16:45","2014-06-18 12:59:35","2014-07-28 17:49:22","2014-09-19 08:07:42","2014-12-29 08:19:31","2015-02-14 08:46:43",755,"2015-02-21 15:25:54","2015-02-19 01:35:38","2015-04-18 07:01:15",NA,NA,"2015-04-18 07:01:15","Dartmoor","C","UB","dep_wgr_a",TRUE,"Spring",FALSE,NA,NA,NA,NA,0
"134959",2014,156,158,197,203,269,280,NA,NA,NA,NA,NA,NA,NA,NA,"Lowland","SE","2014-06-05 21:38:22",0.682,TRUE,45.19,NA,NA,NA,NA,50.9150095238095,-1.67215238095238,"2014-05-27 20:07:02","2014-06-08 05:07:24","2014-07-22 17:36:40","2014-09-28 03:35:10","2014-10-07 08:32:24","2014-09-28 03:35:10",771,NA,"2014-10-16 16:15:40",NA,NA,NA,"2014-10-16 16:15:40","New Forest","SE","UC","arr_wgr_b",TRUE,"Autumn",FALSE,NA,NA,NA,NA,0
"134960",2014,186,186,NA,NA,NA,NA,NA,NA,NA,NA,NA,NA,NA,NA,"Lowland","SW","2014-07-05 14:04:28",NA,TRUE,43.774,NA,NA,NA,NA,52.4021774193548,0.609325268817204,"2014-05-21 19:19:20","2014-07-06 14:04:28",NA,NA,NA,NA,NA,NA,NA,NA,NA,NA,"2014-08-10 17:19:52","Thetford Forest","SW","UB","dep_UK",TRUE,"Autumn",TRUE,5,1,0,NA,0
"134961",2014,169,169,187,194,NA,NA,NA,NA,NA,NA,NA,NA,NA,NA,"Upland","SW","2014-06-18 05:39:59",NA,TRUE,42.033,NA,NA,NA,NA,50.5851002785515,-3.7652061281337,"2014-05-15 14:18:17","2014-06-19 05:39:59","2014-07-13 15:57:29",NA,NA,NA,NA,NA,NA,NA,NA,NA,"2014-07-17 04:17:14","Dartmoor","SW","M","fin_sah_sb",TRUE,"Autumn",FALSE,NA,NA,NA,NA,0
"134963",2014,172,172,211,216,278,291,296,400,NA,NA,473,NA,479,479,"Lowland","SE","2014-06-21 17:27:18",-2.67,TRUE,44.277,-4.22862,7.5229,-4.23174,7.5229,51.064115932914,0.0647244025157233,"2014-05-30 09:51:29","2014-06-22 17:27:18","2014-08-04 16:22:23","2014-10-06 14:53:17","2014-10-18 03:08:45","2015-01-29 00:25:58",788,"2015-02-05 08:32:35","2015-02-02 17:13:34","2015-04-10 18:45:21","2015-04-24 21:09:32","2015-04-24 21:09:32","2015-06-30 16:09:22","South Downs","SE",NA,NA,FALSE,NA,FALSE,4,NA,NA,0,0
"134963",2015,167,167,NA,NA,NA,NA,NA,NA,NA,NA,NA,NA,NA,NA,"Lowland","SE","2015-06-16 11:09:42",NA,TRUE,45.15605,NA,NA,NA,NA,51.064115932914,0.0647244025157233,"2014-05-30 09:51:29","2015-06-17 11:09:42",NA,NA,NA,NA,NA,NA,NA,NA,NA,NA,"2015-06-30 16:09:22","South Downs","SE","UA","dep_UK",TRUE,"Autumn",TRUE,4,NA,1,1,1
"134964",2014,190,192,NA,NA,NA,NA,NA,NA,NA,NA,NA,NA,NA,NA,"Lowland","SW","2014-07-09 17:11:16",NA,NA,NA,NA,NA,NA,NA,52.6662482876712,1.60362157534247,"2014-05-26 06:53:45","2014-07-12 13:41:57",NA,NA,NA,NA,NA,NA,NA,NA,NA,NA,"2014-07-12 13:41:57","Norfolk Broads","SW","M","dep_UK",TRUE,"Autumn",TRUE,5,1,0,NA,0
"146753",2015,179,179,NA,NA,NA,NA,NA,NA,NA,NA,NA,NA,NA,NA,"Upland","SE","2015-06-28 21:40:15",NA,NA,NA,NA,NA,NA,NA,54.0772270300752,-2.59395097744361,"2015-05-22 19:48:22","2015-06-29 21:40:15",NA,NA,NA,NA,NA,NA,NA,NA,NA,NA,"2015-06-29 21:40:15","Forest of Bowland","SE","M","dep_UK",TRUE,"Autumn",TRUE,4,NA,NA,0,0
"146754",2015,177,177,NA,220,254,326,367,NA,468,472,470,480,485,487,"Upland","SE","2015-06-26 14:12:21",-3.24071,TRUE,45.12845,-9.50895,14.47693,-4.268935,7.590735,54.3534367230769,-0.665758046153846,"2015-05-20 20:52:35","2015-06-27 14:12:21","2015-08-08 12:46:42","2015-09-13 04:29:15","2015-11-22 17:02:30","2015-09-15 08:33:43",810,"2016-02-25 05:46:55","2016-02-03 21:01:08","2016-04-14 10:31:29","2016-04-29 08:11:53","2016-05-01 07:00:51","2016-05-03 21:55:44","North York Moors","SE","UA","arr_brgr",TRUE,"Spring",FALSE,4,NA,NA,0,0
"146756",2015,172,174,NA,NA,NA,NA,NA,NA,NA,NA,NA,NA,NA,NA,"Upland","SE","2015-06-21 03:36:33",NA,TRUE,44.70722,NA,NA,NA,NA,54.3274509523809,-0.617564285714286,"2015-06-01 05:10:47","2015-06-24 10:25:51",NA,NA,NA,NA,NA,NA,NA,NA,NA,NA,"2015-07-26 15:54:17","North York Moors","SE","M","dep_UK",TRUE,"Autumn",TRUE,4,NA,NA,0,0
"146757",2015,174,174,206,209,276,310,348,433,452,NA,455,460,479,NA,"Upland","SE","2015-06-23 10:24:59",-2.52917,TRUE,44.657755,-3.841,8.151,-2.3993,7.61722,54.3681913744076,-0.626385142180095,"2015-05-20 20:50:24","2015-06-24 10:24:59","2015-07-28 18:12:10","2015-10-04 08:42:54","2015-11-06 12:41:57","2016-02-14 05:29:05",825,"2016-03-09 06:33:21","2016-03-06 16:34:00","2016-03-30 09:03:17",NA,NA,"2016-04-20 16:27:10","North York Moors","SE","M","arr_UK",TRUE,"Spring",FALSE,4,NA,NA,0,0
"146758",2015,179,182,207,221,277,281,NA,NA,NA,NA,464,470,479,484,"Upland","SE","2015-06-28 20:58:06",-0.808725,TRUE,45.08494,-4.377,7.858,-4.30933,7.87238,54.3080718918919,-2.59429367567568,"2015-05-23 08:01:16","2015-07-02 04:36:53","2015-08-09 03:51:21","2015-10-05 17:16:59","2015-10-08 01:58:04","2015-11-09 13:48:28",837,"2016-03-01 17:57:03","2016-01-13 16:28:45","2016-03-29 09:21:06","2016-04-23 21:56:54","2016-04-28 18:20:12","2018-04-01 14:57:06","Forest of Bowland","SE",NA,NA,FALSE,NA,FALSE,4,NA,NA,0,0
"146758",2016,175,178,NA,259,325,329,384,432,491,493,491,498,507,510,"Upland","SE","2016-06-23 17:47:54",-0.777365,TRUE,44.96816,-1.61748,8.22706,-1.619,8.22192,54.3080718918919,-2.59429367567568,"2015-05-23 08:01:16","2016-06-27 05:28:17","2016-09-15 17:56:11","2016-11-21 18:20:06","2016-11-24 01:06:02","2017-02-22 05:34:24",847,"2017-03-08 09:01:29","2017-03-05 19:28:53","2017-05-04 18:36:09","2017-05-21 19:52:02","2017-05-24 04:48:23","2018-04-01 14:57:06","Forest of Bowland","SE",NA,NA,FALSE,NA,FALSE,4,NA,1,1,1
"146758",2017,176,225,295,302,362,370,NA,NA,NA,NA,NA,NA,NA,NA,"Upland","SE","2017-06-25 13:25:46",-0.78448,TRUE,45.198405,NA,NA,NA,NA,54.3080718918919,-2.59429367567568,"2015-05-23 08:01:16","2017-08-14 04:12:20","2017-10-29 07:57:02","2018-01-01 05:07:05","2018-01-05 20:31:31","2018-03-25 18:02:36",863,NA,"2018-04-01 14:57:06",NA,NA,NA,"2018-04-01 14:57:06","Forest of Bowland","SE","UC","dep_wgr_b",TRUE,"Spring",FALSE,4,NA,1,2,2
"146759",2015,176,176,216,225,283,310,313,NA,468,471,469,473,490,490,"Upland","SE","2015-06-25 18:45:34",-7.47979,TRUE,40.506685,3.77868,8.24324,3.72575,7.986,54.0175640425532,-2.45155181476846,"2015-06-04 07:56:08","2015-06-26 18:45:34","2015-08-13 00:43:14","2015-10-13 13:47:58","2015-11-06 09:00:43","2015-10-13 13:47:58",875,"2016-03-05 09:18:54","2016-02-15 02:44:41","2016-04-10 08:30:57","2016-05-04 10:04:53","2016-05-04 10:04:53","2019-07-12 08:22:37","Forest of Bowland","SE",NA,NA,FALSE,NA,FALSE,4,NA,NA,0,0
"146759",2016,175,175,212,218,271,294,NA,434,471,NA,473,478,487,490,"Upland","SE","2016-06-23 03:43:11",-7.81116,TRUE,40.507,-11.01326,15.28891,-10.094985,9.50307,54.0175640425532,-2.45155181476846,"2015-06-04 07:56:08","2016-06-24 03:43:11","2016-08-05 17:22:09","2016-09-28 20:38:53","2016-10-20 08:40:38","2017-03-03 02:18:50",889,"2017-03-10 06:13:10","2017-03-07 20:26:58","2017-04-17 08:53:25","2017-05-01 15:45:58","2017-05-04 08:50:20","2019-07-12 08:22:37","Forest of Bowland","SE",NA,NA,FALSE,NA,FALSE,4,NA,1,1,1
"146759",2017,169,169,229,NA,311,315,NA,NA,NA,478,476,481,493,493,"Upland","SE","2017-06-18 17:59:00",-7.08249,TRUE,51.42025,-2.26439,12.13266,-3.773735,7.298,54.0175640425532,-2.45155181476846,"2015-06-04 07:56:08","2017-06-19 17:59:00","2017-08-30 08:37:59","2017-11-09 03:47:33","2017-11-11 15:12:27","2018-02-25 08:31:56",905,"2018-03-16 06:20:46","2018-03-04 05:39:16","2018-04-21 07:24:23","2018-05-08 05:25:51","2018-05-08 05:25:51","2019-07-12 08:22:37","Forest of Bowland","SE",NA,NA,FALSE,NA,FALSE,4,NA,1,2,2
"146759",2018,173,173,NA,212,NA,NA,NA,NA,NA,NA,NA,NA,NA,NA,"Upland","SE","2018-06-22 03:05:34",-7.19523,TRUE,44.666425,-9.74998,9.27586,-9.70408,9.261645,54.0175640425532,-2.45155181476846,"2015-06-04 07:56:08","2018-06-23 03:05:34","2018-07-31 05:16:31","2018-10-22 05:45:10","2018-12-04 06:12:38","2019-01-30 16:38:21",916,"2019-03-14 22:41:34","2019-02-21 07:12:41","2019-03-22 10:29:24","2019-04-28 11:28:39","2019-04-28 11:28:39","2019-07-12 08:22:37","Forest of Bowland","SE",NA,NA,FALSE,NA,FALSE,4,NA,1,3,3
"146759",2019,175,177,NA,NA,NA,NA,NA,NA,NA,NA,NA,NA,NA,NA,"Upland","SE","2019-06-24 12:31:26",NA,NA,NA,NA,NA,NA,NA,54.0175640425532,-2.45155181476846,"2015-06-04 07:56:08","2019-06-27 21:32:03",NA,NA,NA,NA,NA,NA,NA,NA,NA,NA,"2019-07-12 08:22:37","Forest of Bowland","SE","M","dep_UK",TRUE,"Autumn",TRUE,4,NA,1,4,4
"146760",2015,173,173,NA,237,NA,338,350,NA,436,NA,470,476,494,494,"Upland","SE","2015-06-22 05:58:08",-3.08741,TRUE,45.51241,15.22705,4.98982,15.38168,4.30705,52.3280921538462,-3.86068584615385,"2015-06-12 17:51:40","2015-06-23 05:58:08","2015-08-25 01:47:26","2015-11-11 08:57:55","2015-12-04 07:43:19","2015-12-18 04:11:03",926,"2016-03-04 13:45:11","2016-01-13 00:35:02","2016-03-13 20:07:46","2016-05-08 21:47:59","2016-05-08 21:47:59","2016-06-22 20:12:58","Wales","SE",NA,NA,FALSE,NA,FALSE,5,1,0,NA,0
"146760",2016,NA,168,NA,NA,NA,NA,NA,NA,NA,NA,NA,NA,NA,NA,"Upland","SE","2016-06-14 07:28:59",NA,FALSE,48.45313,NA,NA,NA,NA,52.3280921538462,-3.86068584615385,"2015-06-12 17:51:40","2016-06-17 11:37:23",NA,NA,NA,NA,NA,NA,NA,NA,NA,NA,"2016-06-22 20:12:58","Wales","SE","M","dep_UK",TRUE,"Autumn",TRUE,5,2,1,NA,1
"146761",2015,167,167,NA,NA,NA,NA,NA,NA,NA,NA,NA,NA,NA,NA,"Lowland","SE","2015-06-16 14:23:41",NA,TRUE,38.33669,NA,NA,NA,NA,53.1622166791045,-1.05461458955224,"2015-05-26 05:08:50","2015-06-17 14:23:41",NA,NA,NA,NA,NA,NA,NA,NA,NA,NA,"2015-09-14 20:04:27","Sherwood Forest","SE","M","dep_UK",TRUE,"Autumn",TRUE,4,NA,NA,0,0
"161318",2016,183,183,206,211,288,307,332,391,NA,NA,462,468,485,485,"Lowland","SE","2016-07-01 17:45:41",-9.938,FALSE,48.98165,-5.49147,7.182,-5.776,7.46843,52.3660384176878,0.652933100692595,"2016-06-07 07:25:44","2016-07-02 17:45:41","2016-07-29 18:48:47","2016-10-15 20:36:54","2016-11-02 20:09:44","2017-01-08 16:30:36",944,"2017-01-26 17:43:55","2017-01-24 05:33:05","2017-04-03 06:35:56","2017-04-29 08:08:40","2017-04-29 08:08:40","2022-05-06 22:07:51","Thetford Forest","C",NA,NA,FALSE,NA,FALSE,5,1,0,NA,0
"161318",2017,174,174,192,200,NA,323,358,NA,NA,NA,NA,463,472,472,"Lowland","SE","2017-06-23 18:51:07",-7.965475,FALSE,49.03784,-5.3853,7.21363,-5.41189,7.22425,52.3660384176878,0.652933100692595,"2016-06-07 07:25:44","2017-06-24 18:51:07","2017-07-19 13:53:35","2017-10-14 06:23:11","2017-11-19 05:44:53","2017-10-14 06:23:11",960,"2018-01-22 16:11:21","2018-01-04 17:48:27","2018-03-28 04:36:27","2018-04-17 08:19:09","2018-04-17 08:19:09","2022-05-06 22:07:51","Thetford Forest","C",NA,NA,FALSE,NA,FALSE,5,2,1,NA,1
"161318",2018,174,174,210,218,324,338,390,NA,467,470,469,473,480,480,"Lowland","SW","2018-06-23 19:46:47",-7.89474,TRUE,41.63732,-5.9416,11.93586,-5.39424,7.0793,52.3660384176878,0.652933100692595,"2016-06-07 07:25:44","2018-06-24 19:46:47","2018-08-06 09:12:54","2018-11-21 06:23:31","2018-12-04 20:30:42","2019-01-27 04:30:27",978,"2019-02-07 09:20:18","2019-01-29 15:15:10","2019-04-14 06:17:34","2019-04-25 17:10:24","2019-04-25 17:10:24","2022-05-06 22:07:51","Thetford Forest","SW",NA,NA,FALSE,NA,FALSE,5,3,1,NA,2
"161318",2019,163,182,206,212,302,321,332,NA,NA,NA,463,472,480,482,"Lowland","SW","2019-06-12 07:41:42",-9.92099,TRUE,41.97307,-5.36101,7.01355,-5.3631,7.01468,52.3660384176878,0.652933100692595,"2016-06-07 07:25:44","2019-07-02 06:23:05","2019-07-31 03:43:16","2019-10-30 15:42:42","2019-11-17 08:07:09","2019-11-01 20:34:49",992,"2020-01-14 04:52:31","2019-12-31 18:38:17","2020-04-03 04:57:45","2020-04-24 19:39:08","2020-04-26 21:15:38","2022-05-06 22:07:51","Thetford Forest","SW",NA,NA,FALSE,NA,FALSE,5,4,1,NA,3
"161318",2020,185,185,234,238,313,326,337,402,NA,NA,465,470,477,479,"Lowland","SE","2020-07-03 16:09:19",-8.4418,TRUE,44.347755,-3.98111,7.5611,-3.99528,7.5611,52.3660384176878,0.652933100692595,"2016-06-07 07:25:44","2020-07-04 16:09:19","2020-08-25 17:33:19","2020-11-09 20:51:06","2020-11-21 06:50:10","2020-11-09 20:51:06",1014,"2021-02-06 21:45:56","2021-02-02 09:45:35","2021-04-05 17:26:04","2021-04-21 19:41:01","2021-04-23 18:40:27","2022-05-06 22:07:51","Thetford Forest","SE",NA,NA,FALSE,NA,FALSE,5,5,1,NA,4
"161318",2021,188,191,211,219,297,314,NA,421,456,458,457,461,479,479,"Lowland","SW","2021-07-07 22:50:59",-0.9158,TRUE,42.902885,-8.11129,17.1322,-5.167845,7.137095,52.3660384176878,0.652933100692595,"2016-06-07 07:25:44","2021-07-11 09:59:41","2021-08-07 04:49:50","2021-10-28 09:39:38","2021-11-10 19:06:07","2022-02-18 18:40:37",1029,"2022-02-26 16:17:12","2022-02-23 05:15:54","2022-04-02 09:02:53","2022-04-24 09:47:34","2022-04-24 09:47:34","2022-05-06 22:07:51","Thetford Forest","SW","UA","arr_brgr",TRUE,"Spring",FALSE,5,6,1,NA,5
"161319",2016,169,169,NA,NA,NA,NA,NA,NA,NA,NA,NA,NA,NA,NA,"Upland","SE","2016-06-17 20:09:48",NA,TRUE,46.72534,NA,NA,NA,NA,50.6572146376812,-3.73546623188406,"2016-06-08 07:59:24","2016-06-18 20:09:48",NA,NA,NA,NA,NA,NA,NA,NA,NA,NA,"2016-08-15 04:45:02","Dartmoor","SE","UA","dep_UK",TRUE,"Autumn",TRUE,5,1,0,NA,0
"161320",2016,191,191,NA,NA,NA,NA,NA,NA,NA,NA,NA,NA,NA,NA,"Lowland","SE","2016-07-09 10:21:52",NA,TRUE,38.32654,NA,NA,NA,NA,50.9351100904977,-1.49964285067873,"2016-06-10 09:48:11","2016-07-10 10:21:52",NA,NA,NA,NA,NA,NA,NA,NA,NA,NA,"2016-10-06 17:39:18","New Forest","SE","M","dep_UK",TRUE,"Autumn",TRUE,4,NA,NA,0,0
"161321",2016,168,170,187,193,278,328,339,393,447,449,447,452,470,470,"Lowland","SW","2016-06-16 18:53:54",-2.55289,TRUE,41.111735,-7.65412,9.03671,-7.652705,9.03678,50.8335505947955,-1.49882750929368,"2016-06-10 10:40:46","2016-06-19 04:37:55","2016-07-11 14:30:52","2016-10-05 21:31:41","2016-11-23 08:38:21","2016-12-11 02:49:45",1055,"2017-01-28 05:56:37","2017-01-23 18:57:38","2017-03-20 17:57:22","2017-04-14 04:18:25","2017-04-14 04:18:25","2019-04-01 18:43:50","New Forest","SW",NA,NA,FALSE,NA,FALSE,4,NA,NA,0,0
"161321",2017,166,166,202,209,285,357,361,NA,445,449,447,453,469,469,"Lowland","SW","2017-06-15 10:12:46",-2.482225,TRUE,40.99487,-7.85482,16.85631,-7.47964,9.10741,50.8335505947955,-1.49882750929368,"2016-06-10 10:40:46","2017-06-16 10:12:46","2017-07-28 21:08:44","2017-10-13 21:15:19","2017-12-23 05:32:03","2018-01-27 05:59:00",1070,"2018-02-07 06:59:32","2018-01-29 09:38:38","2018-03-23 03:56:48","2018-04-14 06:58:04","2018-04-14 06:58:04","2019-04-01 18:43:50","New Forest","SW",NA,NA,FALSE,NA,FALSE,4,NA,1,1,1
"161321",2018,172,172,193,198,292,306,NA,NA,NA,NA,454,NA,NA,NA,"Lowland","SW","2018-06-21 16:12:08",-0.35382,TRUE,40.38387,-8.30818,8.51245,-8.30083,8.51979,50.8335505947955,-1.49882750929368,"2016-06-10 10:40:46","2018-06-22 16:12:08","2018-07-17 22:18:59","2018-10-20 17:30:54","2018-11-02 18:43:09","2018-10-22 20:29:09",1091,"2019-01-29 20:11:26","2019-01-16 07:59:13","2019-03-25 08:01:05",NA,NA,"2019-04-01 18:43:50","New Forest","SW","M","dep_wa",TRUE,"Spring",FALSE,4,NA,1,2,2
"161322",2016,179,179,NA,NA,NA,NA,NA,NA,NA,NA,NA,NA,NA,NA,"Lowland","SW","2016-06-27 08:01:50",NA,TRUE,40.690505,NA,NA,NA,NA,52.573356369863,1.51429719178082,"2016-06-11 08:15:54","2016-06-28 08:01:50",NA,NA,NA,NA,NA,NA,NA,NA,NA,NA,"2016-08-06 09:26:07","Norfolk Broads","SW","UA","dep_UK",TRUE,"Autumn",TRUE,NA,NA,NA,NA,0
"161323",2016,156,158,212,218,299,322,NA,NA,NA,NA,NA,NA,NA,NA,"Lowland","SW","2016-06-04 09:17:30",-7.116245,TRUE,37.25636,-3.65945,7.71881,-3.71585,7.821195,53.1533076923077,-1.08346153846154,"2016-06-03 06:30:03","2016-06-07 21:23:31","2016-08-05 05:40:18","2016-10-27 01:21:50","2016-11-17 19:58:54","2016-10-29 08:55:15",1108,"2017-02-27 16:05:01","2017-02-14 18:39:11","2017-04-05 06:16:36",NA,NA,"2017-04-05 06:16:36","Sherwood Forest","SW","M","dep_wgr_a",TRUE,"Spring",FALSE,5,1,0,NA,0
"161324",2016,176,176,204,209,286,302,354,417,476,NA,474,483,491,491,"Lowland","SW","2016-06-24 04:33:41",-8.02573,TRUE,40.101835,-2.00139,6.8162,-1.992695,6.8281,52.3339446867749,0.688979605568446,"2016-06-10 07:09:48","2016-06-25 04:33:41","2016-07-27 17:09:21","2016-10-13 05:26:42","2016-10-28 13:53:57","2016-10-13 05:26:42",1120,"2017-02-21 17:19:46","2017-02-19 08:12:40","2017-04-18 08:15:11","2017-05-05 20:12:00","2017-05-05 20:12:00","2019-04-10 17:26:48","Thetford Forest","SW",NA,NA,FALSE,NA,FALSE,5,1,0,NA,0
"161324",2017,154,154,196,204,239,333,NA,NA,465,466,464,470,475,475,"Lowland","SW","2017-06-03 19:52:52",-1.87984,TRUE,40.20709,-3.23109,7.23689,-3.23026,7.23689,52.3339446867749,0.688979605568446,"2016-06-10 07:09:48","2017-06-04 19:52:52","2017-07-23 06:51:19","2017-08-28 20:26:23","2017-11-29 07:07:41","2017-08-28 20:26:23",1135,"2018-02-14 13:51:29","2018-02-01 17:30:50","2018-04-09 05:53:58","2018-04-20 11:06:42","2018-04-20 11:06:42","2019-04-10 17:26:48","Thetford Forest","SW",NA,NA,FALSE,NA,FALSE,5,2,1,NA,1
"161324",2018,165,165,185,192,273,287,379,380,NA,NA,463,NA,NA,NA,"Lowland","SW","2018-06-14 18:29:11",-0.413815,TRUE,46.71342,-4.19873,16.60669,-2.935825,7.058945,52.3339446867749,0.688979605568446,"2016-06-10 07:09:48","2018-06-15 18:29:11","2018-07-11 21:00:19","2018-10-03 14:36:19","2018-10-14 04:09:38","2018-10-03 14:36:19",1148,"2019-01-16 16:09:28","2019-01-12 07:59:54","2019-04-08 11:18:56",NA,NA,"2019-04-10 17:26:48","Thetford Forest","SW","M","dep_wa",TRUE,"Spring",FALSE,5,3,1,NA,2
"161325",2016,190,190,235,240,292,339,NA,NA,NA,NA,NA,NA,NA,NA,"Lowland",NA,"2016-07-08 19:39:56",-6.65675,TRUE,44.20786,NA,NA,NA,NA,52.3556503125,0.643725803571429,"2016-06-10 06:05:09","2016-07-09 19:39:56","2016-08-27 08:52:44","2016-10-19 04:23:07","2016-12-04 17:23:54","2016-10-23 17:14:46",1160,NA,"2016-12-22 04:39:51",NA,NA,NA,"2016-12-22 04:39:51","Thetford Forest","C","M","arr_wgr_b",TRUE,"Autumn",FALSE,5,1,0,NA,0
"179106",2019,180,180,207,213,NA,NA,NA,473,NA,NA,NA,474,NA,NA,"Lowland","SW","2019-06-29 18:38:00",NA,TRUE,40.69966,NA,NA,NA,NA,52.3482808888889,0.831305481481482,"2019-06-05 17:37:02","2019-06-30 18:38:00","2019-08-01 18:41:23","2020-02-20 07:54:18",NA,NA,NA,"2020-04-18 08:14:44","2020-02-20 07:54:18",NA,NA,NA,"2020-05-03 04:29:53","Thetford Forest","SW","M","dep_wa",TRUE,"Spring",FALSE,4,NA,NA,0,0
"179107",2019,172,175,191,201,335,343,NA,NA,NA,NA,NA,NA,488,488,"Lowland","SW","2019-06-21 10:35:48",-7.90723,FALSE,48.34963,-4.43431,7.24073,-4.430885,7.248885,52.391519034749,0.738209073359073,"2019-06-05 19:05:40","2019-06-25 20:54:19","2019-07-20 05:49:20","2019-12-05 08:58:01","2019-12-09 19:28:58","2020-03-01 20:19:18",1174,"2020-04-03 18:37:40","2020-03-23 18:14:59","2020-04-12 10:47:12","2020-05-02 08:35:46","2020-05-02 08:35:46","2021-01-31 16:33:40","Thetford Forest","SW",NA,NA,FALSE,NA,FALSE,4,NA,NA,0,0
"179107",2020,184,184,208,216,291,325,345,NA,NA,NA,NA,NA,NA,NA,"Lowland","SW","2020-07-02 07:37:17",-8.3859,TRUE,43.87148,NA,NA,NA,NA,52.391519034749,0.738209073359073,"2019-06-05 19:05:40","2020-07-03 07:37:17","2020-08-03 05:37:33","2020-10-18 16:10:06","2020-11-20 17:14:50","2020-10-27 09:00:26",1186,NA,"2021-01-31 16:33:40",NA,NA,NA,"2021-01-31 16:33:40","Thetford Forest","SW","M","dep_wgr_b",TRUE,"Spring",FALSE,4,NA,1,1,1
"179108",2019,170,172,194,202,259,NA,NA,NA,NA,NA,NA,NA,NA,NA,"Lowland","SW","2019-06-19 22:19:36",0.330015,TRUE,44.898575,-7.8928,8.56522,NA,NA,52.5011503323263,0.593907462235649,"2019-05-13 19:29:33","2019-06-22 10:15:30","2019-07-21 19:51:53","2019-09-20 07:43:17","2020-01-23 21:09:15","2019-09-20 07:43:17",1195,"2020-03-08 20:08:19","2020-02-19 19:07:12","2020-04-06 22:19:49",NA,NA,"2020-04-06 22:19:49","Thetford Forest","C","UB","dep_wgr_a",TRUE,"Spring",FALSE,4,NA,NA,0,0
"179109",2019,161,161,NA,NA,NA,NA,NA,NA,NA,NA,NA,NA,NA,NA,"Lowland","SW","2019-06-10 10:43:16",NA,TRUE,39.261215,NA,NA,NA,NA,50.889943125,-1.65999625,"2019-05-31 11:48:22","2019-06-11 10:43:16",NA,NA,NA,NA,NA,NA,NA,NA,NA,NA,"2019-08-09 10:22:28","New Forest","SW","M","dep_UK",TRUE,"Autumn",TRUE,4,NA,NA,0,0
"213803",2021,163,164,184,194,255,291,300,395,450,NA,448,455,473,473,"Upland","SE","2021-06-12 21:00:41",-0.5292,FALSE,53.22187,-10.04613,9.54877,-10.046345,9.54888,56.2623439622642,-4.58898377358491,"2021-05-18 05:14:30","2021-06-14 20:39:38","2021-07-13 18:51:38","2021-09-14 08:14:13","2021-10-18 06:01:27","2022-01-22 08:22:33",1205,"2022-01-31 10:13:17","2022-01-28 21:27:02","2022-03-24 06:54:25","2022-04-18 12:34:35","2022-04-18 12:34:35","2022-11-12 06:39:01","Trossachs",NA,NA,NA,FALSE,NA,FALSE,NA,NA,NA,NA,0
"213803",2022,173,176,194,206,269,295,NA,NA,NA,NA,NA,NA,NA,NA,"Upland","SE","2022-06-22 17:54:05",-0.4543,FALSE,53.27915,NA,NA,NA,NA,56.2623439622642,-4.58898377358491,"2021-05-18 05:14:30","2022-06-26 04:13:35","2022-07-25 20:53:14","2022-09-30 06:50:10","2022-10-22 18:07:54","2022-09-30 06:50:10",1220,NA,"2022-11-12 06:39:01",NA,NA,NA,"2022-11-12 06:39:01","Trossachs",NA,NA,NA,FALSE,NA,FALSE,NA,NA,1,NA,1
"213804",2021,163,165,208,211,297,309,356,NA,467,NA,468,472,486,488,"Upland","SE","2021-06-12 06:38:05",-2.15154,TRUE,43.20464,-6.63296,16.68213,-4.796715,6.738085,56.27225525,-4.561543,"2021-05-19 19:13:11","2021-06-15 19:58:15","2021-07-30 08:05:53","2021-10-25 15:52:49","2021-11-05 19:06:39","2022-01-27 10:02:46",1229,"2022-03-13 09:54:42","2022-03-06 09:36:24","2022-04-13 06:32:34","2022-05-01 05:42:00","2022-05-03 18:57:03","2022-11-15 08:58:15","Trossachs",NA,NA,NA,FALSE,NA,FALSE,NA,NA,NA,NA,0
"213804",2022,166,168,215,219,302,314,NA,NA,NA,NA,NA,NA,NA,NA,"Upland","SE","2022-06-15 11:28:55",-0.93558,FALSE,47.08035,NA,NA,NA,NA,56.27225525,-4.561543,"2021-05-19 19:13:11","2022-06-18 09:07:37","2022-08-07 18:39:35","2022-10-30 16:39:10","2022-11-10 19:49:44","2022-11-01 21:14:45",1244,NA,"2022-11-15 08:58:15",NA,NA,NA,"2022-11-15 08:58:15","Trossachs",NA,NA,NA,FALSE,NA,FALSE,NA,NA,1,NA,1
"213805",2021,168,174,201,211,279,306,311,NA,462,463,461,465,484,484,"Upland","SW","2021-06-17 21:25:16",-0.27786,FALSE,48.58366,-4.26492,7.36533,-4.26923,7.36508,53.0290943137255,-3.15831215686275,"2021-06-01 21:24:40","2021-06-24 19:41:25","2021-07-30 09:00:08","2021-10-07 19:07:14","2021-11-02 06:32:35","2022-01-13 21:08:56",1252,"2022-03-06 08:31:56","2022-01-20 21:16:49","2022-04-05 18:10:50","2022-04-29 10:15:19","2022-04-29 10:15:19","2022-11-14 07:57:21","Wales",NA,NA,NA,FALSE,NA,FALSE,NA,NA,NA,NA,0
"213805",2022,168,174,192,199,277,297,NA,NA,NA,NA,NA,NA,NA,NA,"Upland","SW","2022-06-17 18:24:55",-1.82552,FALSE,48.47363,NA,NA,NA,NA,53.0290943137255,-3.15831215686275,"2021-06-01 21:24:40","2022-06-24 09:14:39","2022-07-18 19:15:51","2022-10-07 16:57:24","2022-10-24 08:33:31","2022-10-07 16:57:24",1268,NA,"2022-11-14 07:57:21",NA,NA,NA,"2022-11-14 07:57:21","Wales",NA,NA,NA,FALSE,NA,FALSE,NA,NA,1,NA,1
"213806",2021,163,163,192,200,244,340,NA,NA,NA,NA,NA,NA,NA,NA,"Lowland","SW","2021-06-12 19:32:44",-9.63584,FALSE,48.83086,NA,NA,NA,NA,53.2100578571429,-1.1058,"2021-05-27 21:58:11","2021-06-13 07:44:08","2021-07-19 18:27:42","2021-09-01 16:40:45","2021-12-06 18:00:31","2021-09-05 18:32:08",1278,NA,"2022-01-09 18:45:53",NA,NA,NA,"2022-01-09 18:45:53","Sherwood Forest",NA,"UB","dep_wgr_b",TRUE,"Spring",FALSE,NA,NA,NA,NA,0
"213807",2021,174,174,195,201,313,316,379,NA,NA,NA,466,472,488,489,"Lowland","SE","2021-06-23 07:17:26",-1.09043,TRUE,43.49331,-4.08332,7.77657,-4.07449,7.774285,52.2519414285714,-2.18820714285714,"2021-05-19 21:46:10","2021-06-24 07:17:26","2021-07-20 05:41:23","2021-11-10 18:04:55","2021-11-12 21:36:30","2022-01-16 09:30:08",1284,"2022-03-04 09:15:53","2022-02-25 19:03:27","2022-04-07 08:06:05","2022-05-03 09:37:51","2022-05-04 19:35:40","2022-07-26 08:00:01","Worcestershire",NA,NA,NA,FALSE,NA,FALSE,NA,NA,NA,NA,0
"213807",2022,182,183,NA,NA,NA,NA,NA,NA,NA,NA,NA,NA,NA,NA,"Lowland","SE","2022-07-01 20:30:32",NA,TRUE,45.70867,NA,NA,NA,NA,52.2519414285714,-2.18820714285714,"2021-05-19 21:46:10","2022-07-03 18:31:06",NA,NA,NA,NA,NA,NA,NA,NA,NA,NA,"2022-07-26 08:00:01","Worcestershire",NA,"M","dep_UK",TRUE,"Autumn",TRUE,NA,NA,1,NA,1
"213808",2021,198,198,236,NA,NA,NA,NA,NA,NA,NA,NA,NA,NA,NA,"Lowland","SW","2021-07-17 05:14:55",NA,TRUE,43.29427,NA,NA,NA,NA,52.0145212820513,-2.17747974358974,"2021-05-20 10:03:42","2021-07-18 05:14:55",NA,NA,NA,NA,NA,NA,NA,NA,NA,NA,"2021-08-30 23:02:05","Worcestershire",NA,"M","dep_UK",TRUE,"Autumn",FALSE,NA,NA,NA,NA,0
"213810",2021,180,180,215,NA,NA,NA,NA,NA,NA,NA,NA,NA,NA,NA,"Lowland",NA,"2021-06-29 19:53:36",NA,TRUE,37.94879,NA,NA,NA,NA,52.5254953846154,0.613355384615385,"2021-05-27 20:16:05","2021-06-30 19:53:36",NA,NA,NA,NA,NA,NA,NA,NA,NA,NA,"2021-08-11 08:09:06","Thetford Forest",NA,"M","dep_UK",TRUE,"Autumn",FALSE,NA,NA,NA,NA,0
"232669",2022,185,185,227,233,NA,NA,NA,NA,NA,NA,NA,NA,NA,NA,"Lowland","SW","2022-07-04 19:00:51",NA,TRUE,42.90694,NA,NA,NA,NA,52.0576610810811,-2.12013027027027,"2022-05-17 10:07:07","2022-07-05 19:00:51","2022-08-21 20:52:32",NA,NA,NA,NA,NA,NA,NA,NA,NA,"2022-10-19 17:40:37","Worcestershire",NA,"M","fin_sah_sb",TRUE,"Autumn",FALSE,NA,NA,NA,NA,0
"232670",2022,163,163,184,189,262,275,290,NA,NA,NA,NA,NA,NA,NA,"Lowland","SE","2022-06-12 19:47:01",-2.11123,TRUE,43.36479,NA,NA,NA,NA,52.5066529411765,0.623443529411765,"2022-05-20 09:07:54","2022-06-13 19:06:24","2022-07-08 21:13:23","2022-09-20 18:06:02","2022-10-02 16:13:55","2022-09-27 18:38:46",1320,NA,"2022-11-14 09:14:56",NA,NA,NA,"2022-11-14 09:14:56","Thetford Forest",NA,NA,NA,FALSE,NA,FALSE,NA,NA,NA,NA,0
"232671",2022,168,168,NA,NA,NA,NA,NA,NA,NA,NA,NA,NA,NA,NA,"Lowland","SW","2022-06-17 20:55:20",NA,TRUE,42.15877,NA,NA,NA,NA,52.5313839130435,0.614443043478261,"2022-05-20 07:28:16","2022-06-18 18:17:03",NA,NA,NA,NA,NA,NA,NA,NA,NA,NA,"2022-07-24 21:19:03","Thetford Forest",NA,"UA","dep_UK",TRUE,"Autumn",TRUE,NA,NA,NA,NA,0
"232672",2022,165,165,182,190,NA,NA,NA,NA,NA,NA,NA,NA,NA,NA,"Lowland","SW","2022-06-14 19:33:17",NA,TRUE,44.460185,NA,NA,NA,NA,50.890248,-1.6342,"2022-05-31 06:40:48","2022-06-15 19:33:17","2022-07-09 10:19:58",NA,NA,NA,NA,NA,NA,NA,NA,NA,"2022-08-17 07:05:13","New Forest",NA,"M","fin_sah_sb",TRUE,"Autumn",FALSE,NA,NA,NA,NA,0
"232673",2022,166,166,183,195,NA,NA,NA,NA,NA,NA,NA,NA,NA,NA,"Lowland","SW","2022-06-15 11:29:47",NA,FALSE,48.237,NA,NA,NA,NA,50.9693875,-0.3849075,"2022-05-28 06:35:52","2022-06-16 11:29:47","2022-07-14 07:01:46",NA,NA,NA,NA,NA,NA,NA,NA,NA,"2022-07-26 20:23:24","South Downs",NA,"UA","fin_sah_sb",TRUE,"Autumn",FALSE,NA,NA,NA,NA,0
"232674",2022,184,184,NA,193,NA,NA,NA,NA,NA,NA,NA,NA,NA,NA,"Lowland","SW","2022-07-03 08:28:42",-0.428575,NA,NA,NA,NA,NA,NA,52.2393539130435,-2.26191391304348,"2022-05-17 21:34:41","2022-07-04 08:28:42","2022-07-12 23:36:32","2022-10-06 10:20:04","2022-10-06 10:20:04","2022-10-06 10:20:04",1338,NA,"2022-10-29 21:48:57",NA,NA,NA,"2022-10-29 21:48:57","Worcestershire",NA,NA,NA,FALSE,NA,FALSE,NA,NA,NA,NA,0
"232745",2022,151,151,173,NA,NA,NA,NA,NA,NA,NA,NA,NA,NA,NA,"Lowland","SW","2022-05-31 21:21:00",NA,FALSE,48.71721,NA,NA,NA,NA,50.98577,-0.36346,"2022-05-28 05:37:37","2022-06-01 21:21:00",NA,NA,NA,NA,NA,NA,NA,NA,NA,NA,"2022-07-30 21:47:01","South Downs",NA,NA,NA,FALSE,NA,FALSE,NA,NA,NA,NA,0
"500422",2022,178,181,NA,NA,NA,NA,NA,NA,NA,NA,NA,NA,NA,NA,"Upland","SE","2022-06-27 19:59:12",NA,TRUE,45.23857,NA,NA,NA,NA,52.7747533333333,-3.53812222222222,"2021-12-09 08:33:52","2022-07-01 11:11:14",NA,NA,NA,NA,NA,NA,NA,NA,NA,NA,"2022-08-07 08:55:52","Wales",NA,"M","dep_UK",TRUE,"Autumn",TRUE,NA,NA,NA,NA,0
